protoPayload.@type,protoPayload.authenticationInfo.principalEmail,protoPayload.requestMetadata.callerIp,protoPayload.requestMetadata.callerSuppliedUserAgent,protoPayload.serviceName,protoPayload.methodName,protoPayload.authorizationInfo.resource,protoPayload.authorizationInfo.permission,protoPayload.authorizationInfo.granted,protoPayload.resourceName,protoPayload.request.resourceName,protoPayload.request.billingAccountName,protoPayload.request.@type,protoPayload.request.projectId,protoPayload.request.projectName,protoPayload.request.resource,protoPayload.request.policy.etag,protoPayload.request.policy.bindings.role,protoPayload.request.updateMask,protoPayload.request.project.projectNumber,protoPayload.request.project.projectId,protoPayload.request.project.lifecycleState,protoPayload.request.project.name,protoPayload.request.project.createTime,protoPayload.request.project.parent.type,protoPayload.request.project.parent.id,protoPayload.response.@type,protoPayload.response.resourceBillingInfo.billingAccountAssignmentType,protoPayload.response.resourceBillingInfo.billingAccountInfo.billingAccountName,protoPayload.response.resourceBillingInfo.billingAccountInfo.billingAccountDisplayName,protoPayload.response.resourceBillingInfo.billingAccountInfo.billingAccountState.auditEntry.time,protoPayload.response.resourceBillingInfo.billingAccountInfo.billingAccountCurrencyCode,protoPayload.response.resourceBillingInfo.resourceIdentifier.resourceName,protoPayload.response.resourceBillingInfo.resourceIdentifier.displayName,protoPayload.response.resourceBillingInfo.resourceIdentifier.projectId,protoPayload.response.name,protoPayload.response.projectId,protoPayload.response.bindings.role,protoPayload.response.etag,protoPayload.status.code,protoPayload.status.message,protoPayload.serviceData.@type,protoPayload.serviceData.policyDelta.bindingDeltas.action,protoPayload.serviceData.policyDelta.bindingDeltas.role,protoPayload.serviceData.policyDelta.bindingDeltas.member,insertId,resource.type,resource.labels.project_id,timestamp,severity,logName,receiveTimestamp
type.googleapis.com/google.cloud.audit.AuditLog,amankuma@iu.edu,2001:18e8:2:28b7:f000:0:0:2cb,,cloudbilling.googleapis.com,AssignResourceToBillingAccount,"billingAccounts/01605D-BB84CE-418E0E,projects/aman-kumar-257316,billingAccounts/01605D-BB84CE-418E0E,projects/aman-kumar-257316","billing.resourceAssociations.create,resourcemanager.projects.createBillingAssignment,billing.resourceAssociations.create,resourcemanager.projects.deleteBillingAssignment","true,true,true,true",projects/aman-kumar-257316,projects/844127986969,billingAccounts/01605D-BB84CE-418E0E,type.googleapis.com/google.internal.cloudbilling.billingaccount.v1.AssignResourceToBillingAccountRequest,,,,,,,,,,,,,,type.googleapis.com/google.internal.cloudbilling.billingaccount.v1.AssignResourceToBillingAccountResponse,EXPLICIT,billingAccounts/01605D-BB84CE-418E0E,Engineering Cloud Computing,2019-10-28T16:01:40.355Z,USD,projects/844127986969,aman-kumar,aman-kumar-257316,,,,,,,,,,,ivj244d2fsi,project,aman-kumar-257316,2019-12-02T21:29:50.972Z,NOTICE,projects/aman-kumar-257316/logs/cloudaudit.googleapis.com%2Factivity,2019-12-02T21:29:52.293881003Z
type.googleapis.com/google.cloud.audit.AuditLog,hebloyd@iu.edu,2002:aa0:68c5::,,cloudresourcemanager.googleapis.com,DeleteProject,projects/aman-kumar-257316,resourcemanager.projects.delete,true,projects/aman-kumar-257316,,,type.googleapis.com/google.cloudresourcemanager.v1.DeleteProjectRequest,844127986969,,,,,,,,,,,,,,,,,,,,,,,,,,9,FAILED_PRECONDITION,,,,,fjs71bdc1ea,project,aman-kumar-257316,2019-11-29T21:13:02.711Z,ERROR,projects/aman-kumar-257316/logs/cloudaudit.googleapis.com%2Factivity,2019-11-29T21:13:04.724415046Z
type.googleapis.com/google.cloud.audit.AuditLog,hebloyd@iu.edu,2002:aa7:ac9::,,cloudresourcemanager.googleapis.com,DeleteProject,projects/aman-kumar-257316,resourcemanager.projects.delete,true,projects/aman-kumar-257316,,,type.googleapis.com/google.cloudresourcemanager.v1.DeleteProjectRequest,844127986969,,,,,,,,,,,,,,,,,,,,,,,,,,9,FAILED_PRECONDITION,,,,,-wqg47gdcwyc,project,aman-kumar-257316,2019-11-29T21:12:54.289Z,ERROR,projects/aman-kumar-257316/logs/cloudaudit.googleapis.com%2Factivity,2019-11-29T21:12:55.484452298Z
type.googleapis.com/google.cloud.audit.AuditLog,hebloyd@iu.edu,76.234.158.84,,cloudbilling.googleapis.com,AssignProjectToBillingAccount,"projects/aman-kumar-257316,billingAccounts/01605D-BB84CE-418E0E","resourcemanager.projects.deleteBillingAssignment,billing.resourceAssociations.delete","true,",projects/aman-kumar-257316,,,type.googleapis.com/google.internal.cloudbilling.billingaccount.v1.AssignProjectToBillingAccountRequest,,projects/844127986969,,,,,,,,,,,,type.googleapis.com/google.cloud.billing.v1.ProjectBillingInfo,,,,,,,,,projects/844127986969/billingInfo,844127986969,,,,,,,,,-m6l1b2daofk,project,aman-kumar-257316,2019-11-29T21:12:53.544Z,NOTICE,projects/aman-kumar-257316/logs/cloudaudit.googleapis.com%2Factivity,2019-11-29T21:12:54.057069290Z
type.googleapis.com/google.cloud.audit.AuditLog,amankuma@iu.edu,66.244.80.72,"Mozilla/5.0 (Windows NT 10.0; Win64; x64) AppleWebKit/537.36 (KHTML, like Gecko) Chrome/78.0.3904.108 Safari/537.36,gzip(gfe)",cloudresourcemanager.googleapis.com,SetIamPolicy,"projects/aman-kumar-257316,projects/aman-kumar-257316","resourcemanager.projects.setIamPolicy,resourcemanager.projects.setIamPolicy","true,true",projects/aman-kumar-257316,,,type.googleapis.com/google.iam.v1.SetIamPolicyRequest,,,aman-kumar-257316,BwWXFG6VhTk=,"roles/cloudfunctions.serviceAgent,roles/compute.serviceAgent,roles/dialogflow.client,roles/dialogflow.serviceAgent,roles/editor,roles/firebase.managementServiceAgent,roles/firebase.sdkAdminServiceAgent,roles/firebaserules.system,roles/iam.serviceAccountTokenCreator,roles/owner",,,,,,,,,type.googleapis.com/google.iam.v1.Policy,,,,,,,,,,,"roles/cloudfunctions.serviceAgent,roles/compute.serviceAgent,roles/dialogflow.client,roles/dialogflow.serviceAgent,roles/editor,roles/firebase.managementServiceAgent,roles/firebase.sdkAdminServiceAgent,roles/firebaserules.system,roles/iam.serviceAccountTokenCreator,roles/owner",BwWYIwVfwEM=,,,type.googleapis.com/google.iam.v1.logging.AuditData,ADD,roles/owner,serviceAccount:give-authorization@aman-kumar-257316.iam.gserviceaccount.com,-9573cidifqu,project,aman-kumar-257316,2019-11-25T03:04:24.765Z,NOTICE,projects/aman-kumar-257316/logs/cloudaudit.googleapis.com%2Factivity,2019-11-25T03:04:25.691932758Z
type.googleapis.com/google.cloud.audit.AuditLog,amankuma@iu.edu,2001:18e8:2:28b7:f000:0:0:2cb,,cloudbilling.googleapis.com,AssignResourceToBillingAccount,"billingAccounts/01605D-BB84CE-418E0E,projects/aman-kumar-257316,billingAccounts/01605D-BB84CE-418E0E,projects/aman-kumar-257316","billing.resourceAssociations.create,resourcemanager.projects.createBillingAssignment,billing.resourceAssociations.create,resourcemanager.projects.deleteBillingAssignment","true,true,true,true",projects/aman-kumar-257316,projects/844127986969,billingAccounts/01605D-BB84CE-418E0E,type.googleapis.com/google.internal.cloudbilling.billingaccount.v1.AssignResourceToBillingAccountRequest,,,,,,,,,,,,,,type.googleapis.com/google.internal.cloudbilling.billingaccount.v1.AssignResourceToBillingAccountResponse,EXPLICIT,billingAccounts/01605D-BB84CE-418E0E,Engineering Cloud Computing,2019-10-28T16:01:40.355Z,USD,projects/844127986969,aman-kumar,aman-kumar-257316,,,,,,,,,,,14aad0d1rvg,project,aman-kumar-257316,2019-11-22T22:05:53.727Z,NOTICE,projects/aman-kumar-257316/logs/cloudaudit.googleapis.com%2Factivity,2019-11-22T22:05:54.564070928Z
type.googleapis.com/google.cloud.audit.AuditLog,jm297@iu.edu,2002:aa0:23c6::,,cloudresourcemanager.googleapis.com,DeleteProject,projects/aman-kumar-257316,resourcemanager.projects.delete,true,projects/aman-kumar-257316,,,type.googleapis.com/google.cloudresourcemanager.v1.DeleteProjectRequest,844127986969,,,,,,,,,,,,,,,,,,,,,,,,,,9,FAILED_PRECONDITION,,,,,sv02sud7lp2,project,aman-kumar-257316,2019-11-16T03:15:03.502Z,ERROR,projects/aman-kumar-257316/logs/cloudaudit.googleapis.com%2Factivity,2019-11-16T03:15:04.664270203Z
type.googleapis.com/google.cloud.audit.AuditLog,rdstull@iu.edu,2002:aa0:38ca::,,cloudresourcemanager.googleapis.com,DeleteProject,projects/aman-kumar-257316,resourcemanager.projects.delete,true,projects/aman-kumar-257316,,,type.googleapis.com/google.cloudresourcemanager.v1.DeleteProjectRequest,844127986969,,,,,,,,,,,,,,,,,,,,,,,,,,9,FAILED_PRECONDITION,,,,,-lmxsqbd8nj4,project,aman-kumar-257316,2019-11-13T20:11:59.749Z,ERROR,projects/aman-kumar-257316/logs/cloudaudit.googleapis.com%2Factivity,2019-11-13T20:11:59.947255589Z
type.googleapis.com/google.cloud.audit.AuditLog,rdstull@iu.edu,2002:aa0:38ca::,,cloudresourcemanager.googleapis.com,DeleteProject,projects/aman-kumar-257316,resourcemanager.projects.delete,true,projects/aman-kumar-257316,,,type.googleapis.com/google.cloudresourcemanager.v1.DeleteProjectRequest,844127986969,,,,,,,,,,,,,,,,,,,,,,,,,,9,FAILED_PRECONDITION,,,,,8c06eed8zo0,project,aman-kumar-257316,2019-11-13T20:11:53.216Z,ERROR,projects/aman-kumar-257316/logs/cloudaudit.googleapis.com%2Factivity,2019-11-13T20:11:54.360803737Z
type.googleapis.com/google.cloud.audit.AuditLog,aemerril@iu.edu,2002:aa0:3f82::,,cloudresourcemanager.googleapis.com,DeleteProject,projects/aman-kumar-257316,resourcemanager.projects.delete,true,projects/aman-kumar-257316,,,type.googleapis.com/google.cloudresourcemanager.v1.DeleteProjectRequest,844127986969,,,,,,,,,,,,,,,,,,,,,,,,,,9,FAILED_PRECONDITION,,,,,9q7kb3dbo3i,project,aman-kumar-257316,2019-11-11T21:38:11.760Z,ERROR,projects/aman-kumar-257316/logs/cloudaudit.googleapis.com%2Factivity,2019-11-11T21:38:13.151877221Z
type.googleapis.com/google.cloud.audit.AuditLog,aemerril@iu.edu,2001:18e8:3:28b7:f000:0:0:3bdc,,cloudbilling.googleapis.com,AssignProjectToBillingAccount,"projects/aman-kumar-257316,billingAccounts/01605D-BB84CE-418E0E","resourcemanager.projects.deleteBillingAssignment,billing.resourceAssociations.delete","true,",projects/aman-kumar-257316,,,type.googleapis.com/google.internal.cloudbilling.billingaccount.v1.AssignProjectToBillingAccountRequest,,projects/844127986969,,,,,,,,,,,,type.googleapis.com/google.cloud.billing.v1.ProjectBillingInfo,,,,,,,,,projects/844127986969/billingInfo,844127986969,,,,,,,,,-y425igd5u0s,project,aman-kumar-257316,2019-11-11T21:38:10.918Z,NOTICE,projects/aman-kumar-257316/logs/cloudaudit.googleapis.com%2Factivity,2019-11-11T21:38:12.248126802Z
type.googleapis.com/google.cloud.audit.AuditLog,firebase-service-account@firebase-sa-management.iam.gserviceaccount.com,2002:a8e:f314::,,cloudresourcemanager.googleapis.com,SetIamPolicy,"projects/aman-kumar-257316,projects/aman-kumar-257316","resourcemanager.projects.setIamPolicy,resourcemanager.projects.setIamPolicy","true,true",projects/aman-kumar-257316,,,type.googleapis.com/google.iam.v1.SetIamPolicyRequest,,,844127986969,BwWWT0EiGy4=,"roles/cloudfunctions.serviceAgent,roles/compute.serviceAgent,roles/dialogflow.client,roles/dialogflow.serviceAgent,roles/editor,roles/firebase.managementServiceAgent,roles/firebaserules.system,roles/owner,roles/firebase.sdkAdminServiceAgent,roles/iam.serviceAccountTokenCreator",bindings,,,,,,,,type.googleapis.com/google.iam.v1.Policy,,,,,,,,,,,"roles/cloudfunctions.serviceAgent,roles/compute.serviceAgent,roles/dialogflow.client,roles/dialogflow.serviceAgent,roles/editor,roles/firebase.managementServiceAgent,roles/firebase.sdkAdminServiceAgent,roles/firebaserules.system,roles/iam.serviceAccountTokenCreator,roles/owner",BwWXFG6VhTk=,,,type.googleapis.com/google.iam.v1.logging.AuditData,"ADD,ADD","roles/firebase.sdkAdminServiceAgent,roles/iam.serviceAccountTokenCreator","serviceAccount:firebase-adminsdk-qv1ts@aman-kumar-257316.iam.gserviceaccount.com,serviceAccount:firebase-adminsdk-qv1ts@aman-kumar-257316.iam.gserviceaccount.com",-31tg1kdiupq,project,aman-kumar-257316,2019-11-11T16:14:53.583Z,NOTICE,projects/aman-kumar-257316/logs/cloudaudit.googleapis.com%2Factivity,2019-11-11T16:14:54.603677241Z
type.googleapis.com/google.cloud.audit.AuditLog,one-platform-tenant-manager@system.gserviceaccount.com,2002:a9e:7c85::,,cloudresourcemanager.googleapis.com,SetIamPolicy,"projects/aman-kumar-257316,projects/aman-kumar-257316","resourcemanager.projects.setIamPolicy,resourcemanager.projects.setIamPolicy","true,true",projects/aman-kumar-257316,,,type.googleapis.com/google.iam.v1.SetIamPolicyRequest,,,844127986969,BwWWTIshngY=,"roles/cloudfunctions.serviceAgent,roles/compute.serviceAgent,roles/dialogflow.client,roles/dialogflow.serviceAgent,roles/editor,roles/firebase.managementServiceAgent,roles/firebaserules.system,roles/owner",,,,,,,,,type.googleapis.com/google.iam.v1.Policy,,,,,,,,,,,"roles/cloudfunctions.serviceAgent,roles/compute.serviceAgent,roles/dialogflow.client,roles/dialogflow.serviceAgent,roles/editor,roles/firebase.managementServiceAgent,roles/firebaserules.system,roles/owner",BwWWT0EiGy4=,,,type.googleapis.com/google.iam.v1.logging.AuditData,,,,-ikxr20d6wuy,project,aman-kumar-257316,2019-11-01T21:00:22.379Z,NOTICE,projects/aman-kumar-257316/logs/cloudaudit.googleapis.com%2Factivity,2019-11-01T21:00:23.400897997Z
type.googleapis.com/google.cloud.audit.AuditLog,one-platform-tenant-manager@system.gserviceaccount.com,2002:a9e:e28::,,cloudresourcemanager.googleapis.com,SetIamPolicy,"projects/aman-kumar-257316,projects/aman-kumar-257316","resourcemanager.projects.setIamPolicy,resourcemanager.projects.setIamPolicy","true,true",projects/aman-kumar-257316,,,type.googleapis.com/google.iam.v1.SetIamPolicyRequest,,,844127986969,BwWWTHnN68k=,"roles/cloudfunctions.serviceAgent,roles/compute.serviceAgent,roles/dialogflow.client,roles/dialogflow.serviceAgent,roles/editor,roles/firebase.managementServiceAgent,roles/firebaserules.system,roles/owner",,,,,,,,,type.googleapis.com/google.iam.v1.Policy,,,,,,,,,,,"roles/cloudfunctions.serviceAgent,roles/compute.serviceAgent,roles/dialogflow.client,roles/dialogflow.serviceAgent,roles/editor,roles/firebase.managementServiceAgent,roles/firebaserules.system,roles/owner",BwWWTIshngY=,,,type.googleapis.com/google.iam.v1.logging.AuditData,,,,-xuk2gqd6hl8,project,aman-kumar-257316,2019-11-01T17:46:19.104Z,NOTICE,projects/aman-kumar-257316/logs/cloudaudit.googleapis.com%2Factivity,2019-11-01T17:46:20.320931106Z
type.googleapis.com/google.cloud.audit.AuditLog,one-platform-tenant-manager@system.gserviceaccount.com,2002:a49:98d3::,,cloudresourcemanager.googleapis.com,SetIamPolicy,"projects/aman-kumar-257316,projects/aman-kumar-257316","resourcemanager.projects.setIamPolicy,resourcemanager.projects.setIamPolicy","true,true",projects/aman-kumar-257316,,,type.googleapis.com/google.iam.v1.SetIamPolicyRequest,,,844127986969,BwWWTHnGPok=,"roles/cloudfunctions.serviceAgent,roles/compute.serviceAgent,roles/dialogflow.client,roles/dialogflow.serviceAgent,roles/editor,roles/firebase.managementServiceAgent,roles/owner,roles/firebaserules.system",,,,,,,,,type.googleapis.com/google.iam.v1.Policy,,,,,,,,,,,"roles/cloudfunctions.serviceAgent,roles/compute.serviceAgent,roles/dialogflow.client,roles/dialogflow.serviceAgent,roles/editor,roles/firebase.managementServiceAgent,roles/firebaserules.system,roles/owner",BwWWTHnN68k=,,,type.googleapis.com/google.iam.v1.logging.AuditData,ADD,roles/firebaserules.system,serviceAccount:service-844127986969@firebase-rules.iam.gserviceaccount.com,gdrx31d9g1c,project,aman-kumar-257316,2019-11-01T17:41:28.410Z,NOTICE,projects/aman-kumar-257316/logs/cloudaudit.googleapis.com%2Factivity,2019-11-01T17:41:29.280665917Z
type.googleapis.com/google.cloud.audit.AuditLog,one-platform-tenant-manager@system.gserviceaccount.com,2002:aed:4944::,,cloudresourcemanager.googleapis.com,SetIamPolicy,"projects/aman-kumar-257316,projects/aman-kumar-257316","resourcemanager.projects.setIamPolicy,resourcemanager.projects.setIamPolicy","true,true",projects/aman-kumar-257316,,,type.googleapis.com/google.iam.v1.SetIamPolicyRequest,,,844127986969,BwWWTHmjIt4=,"roles/cloudfunctions.serviceAgent,roles/compute.serviceAgent,roles/dialogflow.client,roles/dialogflow.serviceAgent,roles/editor,roles/firebase.managementServiceAgent,roles/owner",,,,,,,,,type.googleapis.com/google.iam.v1.Policy,,,,,,,,,,,"roles/cloudfunctions.serviceAgent,roles/compute.serviceAgent,roles/dialogflow.client,roles/dialogflow.serviceAgent,roles/editor,roles/firebase.managementServiceAgent,roles/owner",BwWWTHnGPok=,,,type.googleapis.com/google.iam.v1.logging.AuditData,,,,95t57sd96dy,project,aman-kumar-257316,2019-11-01T17:41:27.884Z,NOTICE,projects/aman-kumar-257316/logs/cloudaudit.googleapis.com%2Factivity,2019-11-01T17:41:28.602670680Z
type.googleapis.com/google.cloud.audit.AuditLog,one-platform-tenant-manager@system.gserviceaccount.com,2002:a49:98d3::,,cloudresourcemanager.googleapis.com,SetIamPolicy,projects/aman-kumar-257316,resourcemanager.projects.setIamPolicy,true,projects/aman-kumar-257316,,,type.googleapis.com/google.iam.v1.SetIamPolicyRequest,,,844127986969,BwWWTHlzXOs=,"roles/cloudfunctions.serviceAgent,roles/compute.serviceAgent,roles/dialogflow.client,roles/dialogflow.serviceAgent,roles/editor,roles/firebase.managementServiceAgent,roles/owner,roles/firebaserules.system",,,,,,,,,,,,,,,,,,,,,,10,ABORTED,,,,,7s3y3zd9fns,project,aman-kumar-257316,2019-11-01T17:41:25.887Z,ERROR,projects/aman-kumar-257316/logs/cloudaudit.googleapis.com%2Factivity,2019-11-01T17:41:27.101339337Z
type.googleapis.com/google.cloud.audit.AuditLog,one-platform-tenant-manager@system.gserviceaccount.com,2002:a56:9c88::,,cloudresourcemanager.googleapis.com,SetIamPolicy,"projects/aman-kumar-257316,projects/aman-kumar-257316","resourcemanager.projects.setIamPolicy,resourcemanager.projects.setIamPolicy","true,true",projects/aman-kumar-257316,,,type.googleapis.com/google.iam.v1.SetIamPolicyRequest,,,844127986969,BwWWTHlzXOs=,"roles/cloudfunctions.serviceAgent,roles/compute.serviceAgent,roles/dialogflow.client,roles/dialogflow.serviceAgent,roles/editor,roles/firebase.managementServiceAgent,roles/owner",,,,,,,,,type.googleapis.com/google.iam.v1.Policy,,,,,,,,,,,"roles/cloudfunctions.serviceAgent,roles/compute.serviceAgent,roles/dialogflow.client,roles/dialogflow.serviceAgent,roles/editor,roles/firebase.managementServiceAgent,roles/owner",BwWWTHmjIt4=,,,type.googleapis.com/google.iam.v1.logging.AuditData,ADD,roles/editor,serviceAccount:aman-kumar-257316@appspot.gserviceaccount.com,nvazgtd8cry,project,aman-kumar-257316,2019-11-01T17:41:25.622Z,NOTICE,projects/aman-kumar-257316/logs/cloudaudit.googleapis.com%2Factivity,2019-11-01T17:41:26.470191176Z
type.googleapis.com/google.cloud.audit.AuditLog,one-platform-tenant-manager@system.gserviceaccount.com,2002:aed:4944::,,cloudresourcemanager.googleapis.com,SetIamPolicy,projects/aman-kumar-257316,resourcemanager.projects.setIamPolicy,true,projects/aman-kumar-257316,,,type.googleapis.com/google.iam.v1.SetIamPolicyRequest,,,844127986969,BwWWTHlzXOs=,"roles/cloudfunctions.serviceAgent,roles/compute.serviceAgent,roles/dialogflow.client,roles/dialogflow.serviceAgent,roles/editor,roles/firebase.managementServiceAgent,roles/owner",,,,,,,,,,,,,,,,,,,,,,10,ABORTED,,,,,81u4q6da0dm,project,aman-kumar-257316,2019-11-01T17:41:25.601Z,ERROR,projects/aman-kumar-257316/logs/cloudaudit.googleapis.com%2Factivity,2019-11-01T17:41:26.582539726Z
type.googleapis.com/google.cloud.audit.AuditLog,one-platform-tenant-manager@system.gserviceaccount.com,2002:aed:4944::,,cloudresourcemanager.googleapis.com,SetIamPolicy,projects/aman-kumar-257316,resourcemanager.projects.setIamPolicy,true,projects/aman-kumar-257316,,,type.googleapis.com/google.iam.v1.SetIamPolicyRequest,,,844127986969,BwWWTHlkjEM=,"roles/compute.serviceAgent,roles/dialogflow.client,roles/dialogflow.serviceAgent,roles/editor,roles/firebase.managementServiceAgent,roles/owner",,,,,,,,,,,,,,,,,,,,,,10,ABORTED,,,,,8w4s5vd9x66,project,aman-kumar-257316,2019-11-01T17:41:22.991Z,ERROR,projects/aman-kumar-257316/logs/cloudaudit.googleapis.com%2Factivity,2019-11-01T17:41:23.796209078Z
type.googleapis.com/google.cloud.audit.AuditLog,one-platform-tenant-manager@system.gserviceaccount.com,2002:a49:98d3::,,cloudresourcemanager.googleapis.com,SetIamPolicy,projects/aman-kumar-257316,resourcemanager.projects.setIamPolicy,true,projects/aman-kumar-257316,,,type.googleapis.com/google.iam.v1.SetIamPolicyRequest,,,844127986969,BwWWTHlkjEM=,"roles/compute.serviceAgent,roles/dialogflow.client,roles/dialogflow.serviceAgent,roles/editor,roles/firebase.managementServiceAgent,roles/owner,roles/firebaserules.system",,,,,,,,,,,,,,,,,,,,,,10,ABORTED,,,,,95t57sd96dq,project,aman-kumar-257316,2019-11-01T17:41:22.982Z,ERROR,projects/aman-kumar-257316/logs/cloudaudit.googleapis.com%2Factivity,2019-11-01T17:41:23.842584689Z
type.googleapis.com/google.cloud.audit.AuditLog,one-platform-tenant-manager@system.gserviceaccount.com,2002:a56:9c88::,,cloudresourcemanager.googleapis.com,SetIamPolicy,projects/aman-kumar-257316,resourcemanager.projects.setIamPolicy,true,projects/aman-kumar-257316,,,type.googleapis.com/google.iam.v1.SetIamPolicyRequest,,,844127986969,BwWWTHlkjEM=,"roles/compute.serviceAgent,roles/dialogflow.client,roles/dialogflow.serviceAgent,roles/editor,roles/firebase.managementServiceAgent,roles/owner",,,,,,,,,,,,,,,,,,,,,,10,ABORTED,,,,,-qcg8r8d8h3k,project,aman-kumar-257316,2019-11-01T17:41:22.510Z,ERROR,projects/aman-kumar-257316/logs/cloudaudit.googleapis.com%2Factivity,2019-11-01T17:41:23.726489295Z
type.googleapis.com/google.cloud.audit.AuditLog,one-platform-tenant-manager@system.gserviceaccount.com,2002:a49:98d3::,,cloudresourcemanager.googleapis.com,SetIamPolicy,"projects/aman-kumar-257316,projects/aman-kumar-257316","resourcemanager.projects.setIamPolicy,resourcemanager.projects.setIamPolicy","true,true",projects/aman-kumar-257316,,,type.googleapis.com/google.iam.v1.SetIamPolicyRequest,,,844127986969,BwWWTHlkjEM=,"roles/compute.serviceAgent,roles/dialogflow.client,roles/dialogflow.serviceAgent,roles/editor,roles/firebase.managementServiceAgent,roles/owner,roles/cloudfunctions.serviceAgent",,,,,,,,,type.googleapis.com/google.iam.v1.Policy,,,,,,,,,,,"roles/cloudfunctions.serviceAgent,roles/compute.serviceAgent,roles/dialogflow.client,roles/dialogflow.serviceAgent,roles/editor,roles/firebase.managementServiceAgent,roles/owner",BwWWTHlzXOs=,,,type.googleapis.com/google.iam.v1.logging.AuditData,ADD,roles/cloudfunctions.serviceAgent,serviceAccount:service-844127986969@gcf-admin-robot.iam.gserviceaccount.com,-hgvybnd9u7s,project,aman-kumar-257316,2019-11-01T17:41:22.206Z,NOTICE,projects/aman-kumar-257316/logs/cloudaudit.googleapis.com%2Factivity,2019-11-01T17:41:23.078446143Z
type.googleapis.com/google.cloud.audit.AuditLog,one-platform-tenant-manager@system.gserviceaccount.com,2002:a5e:3983::,,cloudresourcemanager.googleapis.com,SetIamPolicy,"projects/aman-kumar-257316,projects/aman-kumar-257316","resourcemanager.projects.setIamPolicy,resourcemanager.projects.setIamPolicy","true,true",projects/aman-kumar-257316,,,type.googleapis.com/google.iam.v1.SetIamPolicyRequest,,,844127986969,BwWWTHk/NKE=,"roles/compute.serviceAgent,roles/dialogflow.client,roles/dialogflow.serviceAgent,roles/editor,roles/firebase.managementServiceAgent,roles/owner",,,,,,,,,type.googleapis.com/google.iam.v1.Policy,,,,,,,,,,,"roles/compute.serviceAgent,roles/dialogflow.client,roles/dialogflow.serviceAgent,roles/editor,roles/firebase.managementServiceAgent,roles/owner",BwWWTHlkjEM=,,,type.googleapis.com/google.iam.v1.logging.AuditData,,,,nvazgtd8crw,project,aman-kumar-257316,2019-11-01T17:41:21.489Z,NOTICE,projects/aman-kumar-257316/logs/cloudaudit.googleapis.com%2Factivity,2019-11-01T17:41:22.469773296Z
type.googleapis.com/google.cloud.audit.AuditLog,one-platform-tenant-manager@system.gserviceaccount.com,2002:a6a:9a02::,,cloudresourcemanager.googleapis.com,SetIamPolicy,"projects/aman-kumar-257316,projects/aman-kumar-257316","resourcemanager.projects.setIamPolicy,resourcemanager.projects.setIamPolicy","true,true",projects/aman-kumar-257316,,,type.googleapis.com/google.iam.v1.SetIamPolicyRequest,,,844127986969,BwWWTHfRqrQ=,"roles/compute.serviceAgent,roles/dialogflow.client,roles/dialogflow.serviceAgent,roles/editor,roles/owner,roles/firebase.managementServiceAgent",,,,,,,,,type.googleapis.com/google.iam.v1.Policy,,,,,,,,,,,"roles/compute.serviceAgent,roles/dialogflow.client,roles/dialogflow.serviceAgent,roles/editor,roles/firebase.managementServiceAgent,roles/owner",BwWWTHk/NKE=,,,type.googleapis.com/google.iam.v1.logging.AuditData,ADD,roles/firebase.managementServiceAgent,serviceAccount:firebase-service-account@firebase-sa-management.iam.gserviceaccount.com,-2rt6f8d1o1e,project,aman-kumar-257316,2019-11-01T17:41:18.713Z,NOTICE,projects/aman-kumar-257316/logs/cloudaudit.googleapis.com%2Factivity,2019-11-01T17:41:20.033367086Z
type.googleapis.com/google.cloud.audit.AuditLog,trejcunn@iu.edu,35.225.1.15,"API.AI Google-API-Java-Client Google-HTTP-Java-Client/1.23.0 (gzip),gzip(gfe)",cloudresourcemanager.googleapis.com,SetIamPolicy,"projects/aman-kumar-257316,projects/aman-kumar-257316","resourcemanager.projects.setIamPolicy,resourcemanager.projects.setIamPolicy","true,true",projects/aman-kumar-257316,,,type.googleapis.com/google.iam.v1.SetIamPolicyRequest,,,aman-kumar-257316,BwWWTHeLYgY=,"roles/compute.serviceAgent,roles/dialogflow.serviceAgent,roles/editor,roles/owner,roles/dialogflow.client",,,,,,,,,type.googleapis.com/google.iam.v1.Policy,,,,,,,,,,,"roles/compute.serviceAgent,roles/dialogflow.client,roles/dialogflow.serviceAgent,roles/editor,roles/owner",BwWWTHfRqrQ=,,,type.googleapis.com/google.iam.v1.logging.AuditData,ADD,roles/dialogflow.client,serviceAccount:dialogflow-qcdypd@aman-kumar-257316.iam.gserviceaccount.com,7s39xvda8zu,project,aman-kumar-257316,2019-11-01T17:40:55.084Z,NOTICE,projects/aman-kumar-257316/logs/cloudaudit.googleapis.com%2Factivity,2019-11-01T17:40:56.263700364Z
type.googleapis.com/google.cloud.audit.AuditLog,one-platform-tenant-manager@system.gserviceaccount.com,2002:a83:2861::,,cloudresourcemanager.googleapis.com,SetIamPolicy,"projects/aman-kumar-257316,projects/aman-kumar-257316","resourcemanager.projects.setIamPolicy,resourcemanager.projects.setIamPolicy","true,true",projects/aman-kumar-257316,,,type.googleapis.com/google.iam.v1.SetIamPolicyRequest,,,844127986969,BwWV+1JfQc0=,"roles/compute.serviceAgent,roles/editor,roles/owner,roles/dialogflow.serviceAgent",,,,,,,,,type.googleapis.com/google.iam.v1.Policy,,,,,,,,,,,"roles/compute.serviceAgent,roles/dialogflow.serviceAgent,roles/editor,roles/owner",BwWWTHeLYgY=,,,type.googleapis.com/google.iam.v1.logging.AuditData,ADD,roles/dialogflow.serviceAgent,serviceAccount:service-844127986969@gcp-sa-dialogflow.iam.gserviceaccount.com,-ajflv0d9y3i,project,aman-kumar-257316,2019-11-01T17:40:50.483Z,NOTICE,projects/aman-kumar-257316/logs/cloudaudit.googleapis.com%2Factivity,2019-11-01T17:40:50.987020103Z
type.googleapis.com/google.cloud.audit.AuditLog,one-platform-tenant-manager@system.gserviceaccount.com,2002:a5e:3983::,,cloudresourcemanager.googleapis.com,SetIamPolicy,"projects/aman-kumar-257316,projects/aman-kumar-257316","resourcemanager.projects.setIamPolicy,resourcemanager.projects.setIamPolicy","true,true",projects/aman-kumar-257316,,,type.googleapis.com/google.iam.v1.SetIamPolicyRequest,,,844127986969,BwWV+r/GvKo=,"roles/owner,roles/compute.serviceAgent,roles/editor",,,,,,,,,type.googleapis.com/google.iam.v1.Policy,,,,,,,,,,,"roles/compute.serviceAgent,roles/editor,roles/owner",BwWV+1JfQc0=,,,type.googleapis.com/google.iam.v1.logging.AuditData,"ADD,ADD,ADD","roles/compute.serviceAgent,roles/editor,roles/editor","serviceAccount:service-844127986969@compute-system.iam.gserviceaccount.com,serviceAccount:844127986969-compute@developer.gserviceaccount.com,serviceAccount:844127986969@cloudservices.gserviceaccount.com",5k1sfbdf76o,project,aman-kumar-257316,2019-10-28T16:52:14.291Z,NOTICE,projects/aman-kumar-257316/logs/cloudaudit.googleapis.com%2Factivity,2019-10-28T16:52:15.496810267Z
type.googleapis.com/google.cloud.audit.AuditLog,amankuma@iu.edu,2001:18e8:2:28b7:f000:0:0:1409,,cloudbilling.googleapis.com,AssignResourceToBillingAccount,"billingAccounts/01605D-BB84CE-418E0E,projects/aman-kumar-257316,billingAccounts/01605D-BB84CE-418E0E,projects/aman-kumar-257316","billing.resourceAssociations.create,resourcemanager.projects.createBillingAssignment,billing.resourceAssociations.create,resourcemanager.projects.deleteBillingAssignment","true,true,true,true",projects/aman-kumar-257316,projects/844127986969,billingAccounts/01605D-BB84CE-418E0E,type.googleapis.com/google.internal.cloudbilling.billingaccount.v1.AssignResourceToBillingAccountRequest,,,,,,,,,,,,,,type.googleapis.com/google.internal.cloudbilling.billingaccount.v1.AssignResourceToBillingAccountResponse,EXPLICIT,billingAccounts/01605D-BB84CE-418E0E,Engineering Cloud Computing,2019-10-28T16:01:40.355Z,USD,projects/844127986969,aman-kumar,aman-kumar-257316,,,,,,,,,,,u481qd2ed0,project,aman-kumar-257316,2019-10-28T16:11:23.412Z,NOTICE,projects/aman-kumar-257316/logs/cloudaudit.googleapis.com%2Factivity,2019-10-28T16:11:25.244030008Z
type.googleapis.com/google.cloud.audit.AuditLog,amankuma@iu.edu,2001:18e8:2:28b7:f000:0:0:1409,"Mozilla/5.0 (Windows NT 10.0; Win64; x64) AppleWebKit/537.36 (KHTML, like Gecko) Chrome/78.0.3904.70 Safari/537.36,gzip(gfe)",cloudresourcemanager.googleapis.com,CreateProject,folders/550071068632,resourcemanager.projects.create,true,projects/aman-kumar-257316,,,,,,,,,,844127986969,aman-kumar-257316,ACTIVE,aman-kumar,2019-10-28T16:11:12.242Z,folder,550071068632,,,,,,,,,,,,,,,,,,,,-ch01gzd12tg,project,aman-kumar-257316,2019-10-28T16:11:16.980Z,NOTICE,projects/aman-kumar-257316/logs/cloudaudit.googleapis.com%2Factivity,2019-10-28T16:11:17.462167795Z